{
    "suitup": {
    "sounds": [
        "suit/suitup"
    ],
    "category": "player"
    },
    "unlimited_web": {
        "sounds": [
            "suit/unlimited_web"
        ],
        "category": "player"
    },
    "suitdown": {
        "sounds": [
            "suit/suitdown"
        ],
        "category": "player"
    },
    "negative": {
        "sounds": [
            "suit/negative"
        ],
        "category": "player"
    },
    "v9": {
        "sounds": [
            "suit/v9"
        ],
        "category": "player"
    },
    "slowmo": {
        "sounds": [
        "suit/slowmo"
        ],
        "category": "player"
    },
    "v9end": {
        "sounds": [
        "suit/v9end"
        ],
        "category": "player"
    },
    "negative_off": {
        "sounds": [
        "suit/negative_off"
        ],
        "category": "player"
    },
    "rage": {
        "sounds": [
        "suit/symrage"
        ],
        "category": "player"
    },
    "insom_equip": {
        "sounds": [
        "suit/insom_equip"
        ],
        "category": "player"
    },
    "insom_unequip": {
        "sounds": [
        "suit/insom_unequip"
        ],
        "category": "player"
    },
    "insom_jab": {
        "sounds": [
        "suit/insom_jab"
        ],
        "category": "player"
    },
    "insom_grab": {
        "sounds": [
        "suit/insom_grab"
        ],
        "category": "player"
    },
    "insom_release": {
        "sounds": [
        "suit/insom_release"
        ],
        "category": "player"
    },
    "mask_on": {
        "sounds": [
        "suit/mask_on"
        ],
        "category": "player"
    },
    "mask_off": {
        "sounds": [
        "suit/mask_off"
        ],
        "category": "player"
    },

    "macpower.miles.venom.boost": {
        "category": "player",
        "sounds": [
            "spider_man_miles/venom_boost1",
            "spider_man_miles/venom_boost2",
            "spider_man_miles/venom_boost3",
            "spider_man_miles/venom_boost4"
        ]
    },
    "macpower.miles.venom.charge": {
        "category": "player",
        "sounds": [
            "spider_man_miles/venom_charge"
        ]
    },
    "macpower.miles.venom.punch": {
        "category": "player",
        "sounds": [
            "spider_man_miles/venom_punch1",
            "spider_man_miles/venom_punch2",
            "spider_man_miles/venom_punch3",
            "spider_man_miles/venom_punch4"
        ]
    },

  "suit.carnage.climb": {
    "sounds": [
      "suit/symbiot/symbiot_carnage_climb_1",
      "suit/symbiot/symbiot_carnage_climb_2"
    ],
    "category": "player"
  },
  "suit.carnage.unanchor": {
    "sounds": [
      "suit/symbiot/symbiot_carnage_unanchor"
    ],
    "category": "player"
  },
  "suit.carnage.enable": {
    "sounds": [
      "suit/symbiot/symbiot_tentacles_carnage_enable"
    ],
    "category": "player"
  },
  "suit.carnage.disable": {
    "sounds": [
      "suit/symbiot/symbiot_tentacles_carnage_disable"
    ],
    "category": "player"
  },
  "suit.carnage.grab": {
    "sounds": [
      "suit/symbiot/symbiot_carnage_strike_1"
    ],
    "category": "player"
  },
  "suit.carnage.jab": {
    "sounds": [
      "suit/symbiot/symbiot_carnage_strike_2"
    ],
    "category": "player"
  },
  "suit.carnage.strike": {
    "sounds": [
      "suit/symbiot/strike_start"
    ],
    "category": "player"
  },
  "suit.carnage.strike.blade": {
    "sounds": [
      "suit/symbiot/strike_charged"
    ],
    "category": "player"
  },
  "suit.carnage.symbiot.enable": {
    "sounds": [
      "suit/symbiot/symbiot_carnage_transform_on"
    ],
    "category": "player"
  },
  "suit.carnage.symbiot.disable": {
    "sounds": [
      "suit/symbiot/symbiot_carnage_transform_off"
    ],
    "category": "player"
  },
  "suit.venom.symbiot.disable": {
    "sounds": [
      "suit/symbiot/symbiot_venom_transform_off"
    ],
    "category": "player"
  },
  "symbiote.transformation": {
    "sounds": [
       "symbiote_transformation"
    ],
    "category": "player"
  },
  "symbiote.mask": {
    "sounds": [
       "symbiote_mask"
    ],
    "category": "player"
  },

  "flash_punch":{
    "sounds": [
      "suits/flash_punch"
    ],
  "category": "player"
  },

  "default_spider_landing": {
    "sounds":[
      "default_spider_landing"
    ]
  },
  "lightning_transformation": {
    "category": "player",
    "sounds": [
      "lightning_transformation"
    ]
  },

  "kiloopblue": {
    "sounds": [
      "aurab"
    ],
    "category": "player"
  },
  "ssjblueon": {
    "sounds": [
      "ssjblue"
    ],
    "category": "player"
  },
  "finalflash": {
    "sounds": [
      "finalflash"
    ],
    "category": "player"
  },
  "han": {
    "sounds": [
      "han"
    ],
    "category": "player"
  },
  "kame": {
    "sounds": [
      "kame"
    ],
    "category": "player"
  },
  "punch": {
    "sounds": [
      "punch1",
      "punch2",
      "punch3",
      "punch4",
      "punch5",
      "punch6"
    ],
    "category": "player"
  },
  "ssjoff": {
    "sounds": [
      "ssjoff"
    ],
    "category": "player"
  }
}